ML,CHIP,ESM,HSPC,CHOL,PEG,TFR ,FRR,BUFFER,OUTPUT,SIZE,PDI
HSPC,Micromixer,0.0,3.75,0.0,1.25,1.0,3.0,PBS,1,118.0,0.33
HSPC,Micromixer,0.0,3.0,1.0,1.0,1.0,50.0,MQ,1,124.0,0.4
HSPC,Micromixer,0.0,12.57,0.0,4.19,0.25,3.0,PBS,1,169.0,0.53
HSPC,Micromixer,0.0,3.0,1.0,1.0,0.25,3.0,MQ,1,73.0,0.24
HSPC,Micromixer,0.0,3.75,0.0,1.25,0.25,50.0,PBS,1,142.0,0.6
HSPC,Micromixer,0.0,3.75,0.0,1.25,0.25,50.0,MQ,1,136.0,0.43
HSPC,Droplet junction,0.0,10.06,3.35,3.35,0.25,50.0,MQ,1,242.0,0.59
HSPC,Droplet junction,0.0,3.75,0.0,1.25,0.25,3.0,MQ,1,20.0,0.44
HSPC,Micromixer,0.0,12.57,0.0,4.19,1.0,50.0,MQ,0,594.0,0.61
HSPC,Micromixer,0.0,3.0,1.0,1.0,1.0,3.0,PBS,1,139.0,0.49
HSPC,Droplet junction,0.0,3.0,1.0,1.0,1.0,50.0,MQ,1,326.0,0.49
HSPC,Micromixer,0.0,10.06,3.35,3.35,1.0,50.0,PBS,1,277.0,0.73
HSPC,Droplet junction,0.0,3.75,0.0,1.25,1.0,50.0,PBS,1,52.0,0.26
HSPC,Droplet junction,0.0,3.0,1.0,1.0,0.25,50.0,PBS,1,101.0,0.35
HSPC,Droplet junction,0.0,10.06,3.35,3.35,1.0,3.0,PBS,1,77.0,0.23
HSPC,Micromixer,0.0,10.06,3.35,3.35,0.25,50.0,PBS,1,177.0,0.43
HSPC,Droplet junction,0.0,10.06,3.35,3.35,1.0,3.0,MQ,1,255.0,0.78
HSPC,Micromixer,0.0,10.06,3.35,3.35,0.25,3.0,MQ,1,199.0,0.52
HSPC,Micromixer,0.0,12.57,0.0,4.19,1.0,3.0,MQ,1,131.0,0.38
HSPC,Droplet junction,0.0,12.57,0.0,4.19,1.0,50.0,PBS,1,351.0,0.56
HSPC,Droplet junction,0.0,12.57,0.0,4.19,0.25,50.0,MQ,1,136.0,0.37
HSPC,Droplet junction,0.0,3.75,0.0,1.25,1.0,3.0,MQ,1,147.0,0.44
HSPC,Droplet junction,0.0,12.57,0.0,4.19,0.25,3.0,PBS,1,126.0,0.34
HSPC,Droplet junction,0.0,3.0,1.0,1.0,0.25,3.0,PBS,1,102.0,0.38
ESM,Micromixer,5.0,0.0,0.0,0.0,1.0,3.0,PBS,1,117.0,0.08
ESM,Droplet junction,20.0,0.0,0.0,0.0,1.0,50.0,PBS,0,1930.0,0.84
ESM,Droplet junction,5.0,0.0,0.0,0.0,1.0,50.0,PBS,1,133.0,0.19
ESM,Micromixer,20.0,0.0,0.0,0.0,0.25,3.0,PBS,1,91.0,0.1
ESM,Droplet junction,10.0,0.0,10.0,0.0,1.0,3.0,PBS,0,701.0,0.68
ESM,Micromixer,2.5,0.0,2.5,0.0,1.0,3.0,PBS,1,123.0,0.24
ESM,Micromixer,10.0,0.0,10.0,0.0,0.25,50.0,PBS,1,164.0,0.32
ESM,Micromixer,5.0,0.0,0.0,0.0,0.25,50.0,PBS,1,70.0,0.07
ESM,Droplet junction,2.5,0.0,2.5,0.0,0.25,50.0,PBS,0,1794.0,0.94
ESM,Droplet junction,5.0,0.0,0.0,0.0,1.0,3.0,MQ,1,302.0,0.52
ESM,Droplet junction,10.0,0.0,10.0,0.0,1.0,3.0,MQ,0,1242.0,0.83
ESM,Droplet junction,10.0,0.0,10.0,0.0,0.25,50.0,MQ,0,2100.0,1.0
ESM,Micromixer,10.0,0.0,10.0,0.0,0.25,3.0,MQ,0,1787.0,0.99
ESM,Droplet junction,20.0,0.0,0.0,0.0,0.25,50.0,MQ,1,134.0,0.27
ESM,Micromixer,2.5,0.0,2.5,0.0,1.0,50.0,MQ,0,2254.0,1.0
ESM,Droplet junction,2.5,0.0,2.5,0.0,1.0,50.0,MQ,0,731.0,0.99
ESM,Micromixer,5.0,0.0,0.0,0.0,0.25,50.0,MQ,0,571.0,0.56
ESM,Droplet junction,2.5,0.0,2.5,0.0,0.25,3.0,PBS,0,554.0,0.59
ESM,Droplet junction,20.0,0.0,0.0,0.0,0.25,3.0,PBS,1,109.0,0.28
ESM,Micromixer,20.0,0.0,0.0,0.0,1.0,3.0,MQ,0,2337.0,1.0
ESM,Micromixer,2.5,0.0,2.5,0.0,0.25,3.0,MQ,1,108.0,0.11
ESM,Micromixer,10.0,0.0,10.0,0.0,1.0,50.0,PBS,1,117.0,0.13
ESM,Micromixer,20.0,0.0,0.0,0.0,1.0,50.0,MQ,1,71.0,0.12
ESM,Droplet junction,5.0,0.0,0.0,0.0,0.25,3.0,MQ,1,85.0,0.14
HSPC,Micromixer,0.0,11.56,1.34,3.85,0.71,2.0,MQ,1,111.0,0.294
HSPC,Micromixer,0.0,11.56,1.34,3.85,0.71,23.0,MQ,1,105.0,0.372
HSPC,Micromixer,0.0,11.56,1.34,3.85,2.04,2.0,MQ,1,77.0,0.221
HSPC,Micromixer,0.0,11.56,1.34,3.85,2.04,23.0,MQ,1,80.0,0.268
HSPC,Micromixer,0.0,8.55,5.36,2.85,0.71,2.0,MQ,1,93.0,0.188
HSPC,Micromixer,0.0,8.55,5.36,2.85,0.71,23.0,MQ,1,84.0,0.278
HSPC,Micromixer,0.0,8.55,5.36,2.85,2.04,2.0,MQ,1,73.0,0.268
HSPC,Micromixer,0.0,8.55,5.36,2.85,2.04,23.0,MQ,1,74.0,0.309
HSPC,Micromixer,0.0,10.06,3.35,3.35,1.37,1.0,MQ,1,133.0,0.39
HSPC,Micromixer,0.0,10.06,3.35,3.35,1.37,50.0,MQ,1,81.0,0.312
HSPC,Micromixer,0.0,10.06,3.35,3.35,0.25,7.0,MQ,1,109.0,0.284
HSPC,Micromixer,0.0,10.06,3.35,3.35,2.5,7.0,MQ,1,78.0,0.291
HSPC,Micromixer,0.0,12.57,0.0,4.19,1.37,7.0,MQ,1,86.0,0.269
HSPC,Micromixer,0.0,7.54,6.7,2.51,1.37,7.0,MQ,1,68.0,0.282
HSPC,Micromixer,0.0,10.06,3.35,3.35,1.37,7.0,MQ,1,70.0,0.234
HSPC,Micromixer,0.0,10.06,3.35,3.35,1.37,7.0,MQ,1,68.0,0.246
HSPC,Micromixer,0.0,10.06,3.35,3.35,1.37,7.0,MQ,1,70.0,0.243
HSPC,Micromixer,0.0,10.06,3.35,3.35,1.37,7.0,MQ,1,68.0,0.235
HSPC,Micromixer,0.0,10.06,3.35,3.35,1.37,7.0,MQ,1,65.0,0.234
HSPC,Micromixer,0.0,10.06,3.35,3.35,1.37,7.0,MQ,1,69.0,0.232
HSPC,Micromixer,0.0,11.56,1.34,3.85,0.71,2.0,MQ,1,88.0,0.327
HSPC,Micromixer,0.0,11.56,1.34,3.85,0.71,23.0,MQ,1,110.0,0.476
HSPC,Micromixer,0.0,11.56,1.34,3.85,2.04,2.0,MQ,1,86.0,0.343
HSPC,Micromixer,0.0,11.56,1.34,3.85,2.04,23.0,MQ,1,94.0,0.355
HSPC,Micromixer,0.0,8.55,5.36,2.85,0.71,2.0,MQ,1,93.0,0.183
HSPC,Micromixer,0.0,8.55,5.36,2.85,0.71,23.0,MQ,1,86.0,0.258
HSPC,Micromixer,0.0,8.55,5.36,2.85,2.04,2.0,MQ,1,63.0,0.198
HSPC,Micromixer,0.0,8.55,5.36,2.85,2.04,23.0,MQ,1,72.0,0.292
HSPC,Micromixer,0.0,10.06,3.35,3.35,1.37,1.0,MQ,1,140.0,0.387
HSPC,Micromixer,0.0,10.06,3.35,3.35,1.37,50.0,MQ,1,93.0,0.361
HSPC,Micromixer,0.0,10.06,3.35,3.35,0.25,7.0,MQ,1,124.0,0.316
HSPC,Micromixer,0.0,10.06,3.35,3.35,2.5,7.0,MQ,1,73.0,0.334
HSPC,Micromixer,0.0,12.57,0.0,4.19,1.37,7.0,MQ,1,96.0,0.284
HSPC,Micromixer,0.0,7.54,6.7,2.51,1.37,7.0,MQ,1,67.0,0.273
HSPC,Micromixer,0.0,10.06,3.35,3.35,1.37,7.0,MQ,1,72.0,0.295
HSPC,Micromixer,0.0,10.06,3.35,3.35,1.37,7.0,MQ,1,82.0,0.335
HSPC,Micromixer,0.0,10.06,3.35,3.35,1.37,7.0,MQ,1,78.0,0.326
HSPC,Micromixer,0.0,10.06,3.35,3.35,1.37,7.0,MQ,1,73.0,0.295
HSPC,Micromixer,0.0,10.06,3.35,3.35,1.37,7.0,MQ,1,74.0,0.327
HSPC,Micromixer,0.0,10.06,3.35,3.35,1.37,7.0,MQ,1,76.0,0.354
HSPC,Micromixer,0.0,11.56,1.34,3.85,0.71,2.0,MQ,1,131.0,0.402
HSPC,Micromixer,0.0,11.56,1.34,3.85,0.71,23.0,MQ,1,102.0,0.354
HSPC,Micromixer,0.0,11.56,1.34,3.85,2.04,2.0,MQ,1,93.0,0.262
HSPC,Micromixer,0.0,11.56,1.34,3.85,2.04,23.0,MQ,1,93.0,0.376
HSPC,Micromixer,0.0,8.55,5.36,2.85,0.71,2.0,MQ,1,96.0,0.164
HSPC,Micromixer,0.0,8.55,5.36,2.85,0.71,23.0,MQ,1,78.0,0.242
HSPC,Micromixer,0.0,8.55,5.36,2.85,2.04,2.0,MQ,1,68.0,0.145
HSPC,Micromixer,0.0,8.55,5.36,2.85,2.04,23.0,MQ,1,74.0,0.265
HSPC,Micromixer,0.0,10.06,3.35,3.35,1.37,1.0,MQ,1,147.0,0.392
HSPC,Micromixer,0.0,10.06,3.35,3.35,1.37,50.0,MQ,1,95.0,0.38
HSPC,Micromixer,0.0,10.06,3.35,3.35,0.25,7.0,MQ,1,123.0,0.317
HSPC,Micromixer,0.0,10.06,3.35,3.35,2.5,7.0,MQ,1,74.0,0.285
HSPC,Micromixer,0.0,12.57,0.0,4.19,1.37,7.0,MQ,1,86.0,0.333
HSPC,Micromixer,0.0,7.54,6.7,2.51,1.37,7.0,MQ,1,67.0,0.219
HSPC,Micromixer,0.0,10.06,3.35,3.35,1.37,7.0,MQ,1,77.0,0.271
HSPC,Micromixer,0.0,10.06,3.35,3.35,1.37,7.0,MQ,1,77.0,0.276
HSPC,Micromixer,0.0,10.06,3.35,3.35,1.37,7.0,MQ,1,77.0,0.273
HSPC,Micromixer,0.0,10.06,3.35,3.35,1.37,7.0,MQ,1,74.0,0.286
HSPC,Micromixer,0.0,10.06,3.35,3.35,1.37,7.0,MQ,1,76.0,0.288
HSPC,Micromixer,0.0,10.06,3.35,3.35,1.37,7.0,MQ,1,78.0,0.278
HSPC,Micromixer,0.0,7.54,6.7,2.51,1.375,3.5,MQ,1,70.0,0.171
HSPC,Micromixer,0.0,7.54,6.7,2.51,2.5,3.5,MQ,1,58.0,0.196
HSPC,Micromixer,0.0,7.54,6.7,2.51,1.375,1.0,MQ,1,91.0,0.14
HSPC,Micromixer,0.0,7.54,6.7,2.51,2.5,1.0,MQ,1,90.0,0.13
HSPC,Micromixer,0.0,8.55,5.36,2.85,1.375,3.5,MQ,1,72.0,0.202
HSPC,Micromixer,0.0,8.55,5.36,2.85,2.5,3.5,MQ,1,57.0,0.219
HSPC,Micromixer,0.0,8.55,5.36,2.85,1.375,1.0,MQ,1,106.0,0.18
HSPC,Micromixer,0.0,8.55,5.36,2.85,2.5,1.0,MQ,1,109.0,0.217
HSPC,Micromixer,0.0,8.55,5.36,2.85,0.25,1.0,MQ,1,104.0,0.126
HSPC,Micromixer,0.0,8.55,5.36,2.85,0.25,3.5,MQ,1,120.0,0.164
ESM,Micromixer,17.97,0.0,2.03,0.0,0.706,1.8,MQ,0,14748.0,0.726
ESM,Micromixer,12.03,0.0,7.97,0.0,0.706,1.8,MQ,1,132.0,0.052
ESM,Micromixer,17.97,0.0,2.03,0.0,2.044,1.8,MQ,0,4942.0,1.0
ESM,Micromixer,12.03,0.0,7.97,0.0,2.044,1.8,MQ,1,119.0,0.04
ESM,Micromixer,17.97,0.0,2.03,0.0,0.706,4.2,MQ,0,571.0,0.595
ESM,Micromixer,12.03,0.0,7.97,0.0,0.706,4.2,MQ,1,108.0,0.051
ESM,Micromixer,17.97,0.0,2.03,0.0,2.044,4.2,MQ,1,195.0,0.204
ESM,Micromixer,12.03,0.0,7.97,0.0,2.044,4.2,MQ,1,89.0,0.083
ESM,Micromixer,20.0,0.0,0.0,0.0,1.375,3.0,MQ,0,7297.0,1.0
ESM,Micromixer,10.0,0.0,10.0,0.0,1.375,3.0,MQ,1,89.0,0.08
ESM,Micromixer,15.0,0.0,5.0,0.0,0.25,3.0,MQ,1,189.0,0.213
ESM,Micromixer,15.0,0.0,5.0,0.0,2.5,3.0,MQ,1,158.0,0.064
ESM,Micromixer,15.0,0.0,5.0,0.0,1.375,1.0,MQ,1,410.0,0.453
ESM,Micromixer,15.0,0.0,5.0,0.0,1.375,5.0,MQ,1,125.0,0.048
ESM,Micromixer,15.0,0.0,5.0,0.0,1.375,3.0,MQ,1,163.0,0.119
ESM,Micromixer,15.0,0.0,5.0,0.0,1.375,3.0,MQ,1,154.0,0.072
ESM,Micromixer,15.0,0.0,5.0,0.0,1.375,3.0,MQ,1,161.0,0.07
ESM,Micromixer,15.0,0.0,5.0,0.0,1.375,3.0,MQ,1,166.0,0.074
ESM,Micromixer,15.0,0.0,5.0,0.0,1.375,3.0,MQ,1,169.0,0.051
ESM,Micromixer,15.0,0.0,5.0,0.0,1.375,3.0,MQ,1,162.0,0.065
ESM,Micromixer,17.97,0.0,2.03,0.0,0.706,1.8,MQ,0,834.0,0.856
ESM,Micromixer,12.03,0.0,7.97,0.0,0.706,1.8,MQ,1,125.0,0.03
ESM,Micromixer,17.97,0.0,2.03,0.0,2.044,1.8,MQ,0,8974.0,0.832
ESM,Micromixer,12.03,0.0,7.97,0.0,2.044,1.8,MQ,1,112.0,0.051
ESM,Micromixer,17.97,0.0,2.03,0.0,0.706,4.2,MQ,0,623.0,0.643
ESM,Micromixer,12.03,0.0,7.97,0.0,0.706,4.2,MQ,1,106.0,0.066
ESM,Micromixer,17.97,0.0,2.03,0.0,2.044,4.2,MQ,1,185.0,0.149
ESM,Micromixer,12.03,0.0,7.97,0.0,2.044,4.2,MQ,1,84.0,0.059
ESM,Micromixer,20.0,0.0,0.0,0.0,1.375,3.0,MQ,0,4813.0,1.0
ESM,Micromixer,10.0,0.0,10.0,0.0,1.375,3.0,MQ,1,87.0,0.089
ESM,Micromixer,15.0,0.0,5.0,0.0,0.25,3.0,MQ,1,181.0,0.132
ESM,Micromixer,15.0,0.0,5.0,0.0,2.5,3.0,MQ,1,147.0,0.029
ESM,Micromixer,15.0,0.0,5.0,0.0,1.375,1.0,MQ,1,299.0,0.558
ESM,Micromixer,15.0,0.0,5.0,0.0,1.375,5.0,MQ,1,138.0,0.034
ESM,Micromixer,15.0,0.0,5.0,0.0,1.375,3.0,MQ,1,182.0,0.099
ESM,Micromixer,15.0,0.0,5.0,0.0,1.375,3.0,MQ,1,177.0,0.101
ESM,Micromixer,15.0,0.0,5.0,0.0,1.375,3.0,MQ,1,128.0,0.042
ESM,Micromixer,15.0,0.0,5.0,0.0,1.375,3.0,MQ,1,179.0,0.141
ESM,Micromixer,15.0,0.0,5.0,0.0,1.375,3.0,MQ,1,168.0,0.114
ESM,Micromixer,15.0,0.0,5.0,0.0,1.375,3.0,MQ,1,177.0,0.16
ESM,Micromixer,17.97,0.0,2.03,0.0,0.706,1.8,MQ,0,15908.0,0.74
ESM,Micromixer,12.03,0.0,7.97,0.0,0.706,1.8,MQ,1,125.0,0.071
ESM,Micromixer,17.97,0.0,2.03,0.0,2.044,1.8,MQ,0,5258.0,1.0
ESM,Micromixer,12.03,0.0,7.97,0.0,2.044,1.8,MQ,1,118.0,0.08
ESM,Micromixer,17.97,0.0,2.03,0.0,0.706,4.2,MQ,0,624.0,0.569
ESM,Micromixer,12.03,0.0,7.97,0.0,0.706,4.2,MQ,1,108.0,0.059
ESM,Micromixer,17.97,0.0,2.03,0.0,2.044,4.2,MQ,1,198.0,0.236
ESM,Micromixer,12.03,0.0,7.97,0.0,2.044,4.2,MQ,1,86.0,0.061
ESM,Micromixer,20.0,0.0,0.0,0.0,1.375,3.0,MQ,0,3062.0,0.973
ESM,Micromixer,10.0,0.0,10.0,0.0,1.375,3.0,MQ,1,86.0,0.066
ESM,Micromixer,15.0,0.0,5.0,0.0,0.25,3.0,MQ,1,191.0,0.271
ESM,Micromixer,15.0,0.0,5.0,0.0,2.5,3.0,MQ,1,147.0,0.042
ESM,Micromixer,15.0,0.0,5.0,0.0,1.375,1.0,MQ,0,543.0,0.573
ESM,Micromixer,15.0,0.0,5.0,0.0,1.375,5.0,MQ,1,131.0,0.037
ESM,Micromixer,15.0,0.0,5.0,0.0,1.375,3.0,MQ,1,197.0,0.179
ESM,Micromixer,15.0,0.0,5.0,0.0,1.375,3.0,MQ,1,169.0,0.087
ESM,Micromixer,15.0,0.0,5.0,0.0,1.375,3.0,MQ,1,181.0,0.143
ESM,Micromixer,15.0,0.0,5.0,0.0,1.375,3.0,MQ,1,163.0,0.091
ESM,Micromixer,15.0,0.0,5.0,0.0,1.375,3.0,MQ,1,176.0,0.162
ESM,Micromixer,15.0,0.0,5.0,0.0,1.375,3.0,MQ,1,162.0,0.086
ESM,Micromixer,10.0,0.0,10.0,0.0,1.375,3.5,MQ,1,84.0,0.09
ESM,Micromixer,10.0,0.0,10.0,0.0,2.5,3.5,MQ,1,84.0,0.067
ESM,Micromixer,10.0,0.0,10.0,0.0,1.375,1.0,MQ,1,110.0,0.043
ESM,Micromixer,10.0,0.0,10.0,0.0,2.5,1.0,MQ,1,105.0,0.063
ESM,Micromixer,12.0,0.0,8.0,0.0,1.375,3.5,MQ,1,99.0,0.054
ESM,Micromixer,12.0,0.0,8.0,0.0,2.5,3.5,MQ,1,86.0,0.066
ESM,Micromixer,12.0,0.0,8.0,0.0,1.375,1.0,MQ,1,129.0,0.029
ESM,Micromixer,12.0,0.0,8.0,0.0,2.5,1.0,MQ,1,129.0,0.045
HSPC,Micromixer,0.0,9.58,3.19,3.19,0.58,1.6,MQ,1,126.0,0.263
HSPC,Micromixer,0.0,9.58,3.19,3.19,2.17,1.6,MQ,1,87.0,0.168
HSPC,Micromixer,0.0,9.58,3.19,3.19,0.58,4.4,MQ,1,96.0,0.219
HSPC,Micromixer,0.0,9.58,3.19,3.19,2.17,4.4,MQ,1,67.0,0.242
HSPC,Micromixer,0.0,9.58,3.19,3.19,0.25,3.0,MQ,1,129.0,0.334
HSPC,Micromixer,0.0,9.58,3.19,3.19,2.5,3.0,MQ,1,69.0,0.23
HSPC,Micromixer,0.0,9.58,3.19,3.19,1.375,1.0,MQ,1,150.0,0.421
HSPC,Micromixer,0.0,9.58,3.19,3.19,1.375,4.4,MQ,1,77.0,0.241
HSPC,Micromixer,0.0,9.58,3.19,3.19,1.375,3.0,MQ,1,80.0,0.231
HSPC,Micromixer,0.0,9.58,3.19,3.19,1.375,3.0,MQ,1,81.0,0.212
HSPC,Micromixer,0.0,9.58,3.19,3.19,1.375,3.0,MQ,1,78.0,0.228
HSPC,Micromixer,0.0,9.58,3.19,3.19,1.375,3.0,MQ,1,77.0,0.229
HSPC,Micromixer,0.0,9.58,3.19,3.19,1.375,3.0,MQ,1,79.0,0.223
HSPC,Micromixer,0.0,9.58,3.19,3.19,0.58,1.6,MQ,1,142.0,0.334
HSPC,Micromixer,0.0,9.58,3.19,3.19,2.17,1.6,MQ,1,101.0,0.152
HSPC,Micromixer,0.0,9.58,3.19,3.19,0.58,4.4,MQ,1,104.0,0.306
HSPC,Micromixer,0.0,9.58,3.19,3.19,2.17,4.4,MQ,1,66.0,0.243
HSPC,Micromixer,0.0,9.58,3.19,3.19,0.25,3.0,MQ,1,149.0,0.356
HSPC,Micromixer,0.0,9.58,3.19,3.19,2.5,3.0,MQ,1,67.0,0.27
HSPC,Micromixer,0.0,9.58,3.19,3.19,1.375,1.0,MQ,1,159.0,0.4
HSPC,Micromixer,0.0,9.58,3.19,3.19,1.375,4.4,MQ,1,77.0,0.261
HSPC,Micromixer,0.0,9.58,3.19,3.19,1.375,3.0,MQ,1,81.0,0.248
HSPC,Micromixer,0.0,9.58,3.19,3.19,1.375,3.0,MQ,1,84.0,0.251
HSPC,Micromixer,0.0,9.58,3.19,3.19,1.375,3.0,MQ,1,85.0,0.262
HSPC,Micromixer,0.0,9.58,3.19,3.19,1.375,3.0,MQ,1,80.0,0.233
HSPC,Micromixer,0.0,9.58,3.19,3.19,1.375,3.0,MQ,1,84.0,0.257
HSPC,Micromixer,0.0,9.58,3.19,3.19,0.58,1.6,MQ,1,137.0,0.307
HSPC,Micromixer,0.0,9.58,3.19,3.19,2.17,1.6,MQ,1,108.0,0.174
HSPC,Micromixer,0.0,9.58,3.19,3.19,0.58,4.4,MQ,1,103.0,0.262
HSPC,Micromixer,0.0,9.58,3.19,3.19,2.17,4.4,MQ,1,63.0,0.246
HSPC,Micromixer,0.0,9.58,3.19,3.19,0.25,3.0,MQ,1,132.0,0.295
HSPC,Micromixer,0.0,9.58,3.19,3.19,2.5,3.0,MQ,1,65.0,0.272
HSPC,Micromixer,0.0,9.58,3.19,3.19,1.375,1.0,MQ,1,158.0,0.409
HSPC,Micromixer,0.0,9.58,3.19,3.19,1.375,4.4,MQ,1,76.0,0.254
HSPC,Micromixer,0.0,9.58,3.19,3.19,1.375,3.0,MQ,1,80.0,0.256
HSPC,Micromixer,0.0,9.58,3.19,3.19,1.375,3.0,MQ,1,76.0,0.247
HSPC,Micromixer,0.0,9.58,3.19,3.19,1.375,3.0,MQ,1,79.0,0.251
HSPC,Micromixer,0.0,9.58,3.19,3.19,1.375,3.0,MQ,1,156.0,0.297
HSPC,Micromixer,0.0,9.58,3.19,3.19,1.375,3.0,MQ,1,75.0,0.214
HSPC,Micromixer,0.0,9.58,3.19,3.19,2.17,1.7,MQ,1,91.0,0.2
HSPC,Micromixer,0.0,9.58,3.19,3.19,2.17,1.7,MQ,1,96.0,0.2
HSPC,Micromixer,0.0,9.58,3.19,3.19,2.17,1.7,MQ,1,83.0,0.203
ESM,Micromixer,24.78,0.0,10.12,0.0,0.58,1.6,MQ,1,230.0,0.349
ESM,Micromixer,24.78,0.0,10.12,0.0,2.17,1.6,MQ,1,298.0,0.263
ESM,Micromixer,24.78,0.0,10.12,0.0,0.58,4.4,MQ,1,158.0,0.088
ESM,Micromixer,24.78,0.0,10.12,0.0,2.17,4.4,MQ,1,125.0,0.065
ESM,Micromixer,24.78,0.0,10.12,0.0,0.25,3.0,MQ,1,184.0,0.16
ESM,Micromixer,24.78,0.0,10.12,0.0,2.5,3.0,MQ,1,155.0,0.054
ESM,Micromixer,24.78,0.0,10.12,0.0,1.375,1.0,MQ,1,232.0,0.322
ESM,Micromixer,24.78,0.0,10.12,0.0,1.375,5.0,MQ,1,126.0,0.058
ESM,Micromixer,24.78,0.0,10.12,0.0,1.375,3.0,MQ,1,170.0,0.119
ESM,Micromixer,24.78,0.0,10.12,0.0,1.375,3.0,MQ,1,164.0,0.091
ESM,Micromixer,24.78,0.0,10.12,0.0,1.375,3.0,MQ,1,162.0,0.121
ESM,Micromixer,24.78,0.0,10.12,0.0,1.375,3.0,MQ,1,160.0,0.095
ESM,Micromixer,24.78,0.0,10.12,0.0,1.375,3.0,MQ,1,159.0,0.087
ESM,Micromixer,24.78,0.0,10.12,0.0,0.58,1.6,MQ,1,190.0,0.195
ESM,Micromixer,24.78,0.0,10.12,0.0,2.17,1.6,MQ,1,229.0,0.244
ESM,Micromixer,24.78,0.0,10.12,0.0,0.58,4.4,MQ,1,140.0,0.047
ESM,Micromixer,24.78,0.0,10.12,0.0,2.17,4.4,MQ,1,117.0,0.046
ESM,Micromixer,24.78,0.0,10.12,0.0,0.25,3.0,MQ,1,167.0,0.071
ESM,Micromixer,24.78,0.0,10.12,0.0,2.5,3.0,MQ,1,138.0,0.05
ESM,Micromixer,24.78,0.0,10.12,0.0,1.375,1.0,MQ,1,241.0,0.252
ESM,Micromixer,24.78,0.0,10.12,0.0,1.375,5.0,MQ,1,116.0,0.07
ESM,Micromixer,24.78,0.0,10.12,0.0,1.375,3.0,MQ,1,140.0,0.08
ESM,Micromixer,24.78,0.0,10.12,0.0,1.375,3.0,MQ,1,142.0,0.064
ESM,Micromixer,24.78,0.0,10.12,0.0,1.375,3.0,MQ,1,140.0,0.062
ESM,Micromixer,24.78,0.0,10.12,0.0,1.375,3.0,MQ,1,140.0,0.065
ESM,Micromixer,24.78,0.0,10.12,0.0,1.375,3.0,MQ,1,147.0,0.081
ESM,Micromixer,24.78,0.0,10.12,0.0,0.58,1.6,MQ,1,221.0,0.271
ESM,Micromixer,24.78,0.0,10.12,0.0,2.17,1.6,MQ,1,304.0,0.274
ESM,Micromixer,24.78,0.0,10.12,0.0,0.58,4.4,MQ,1,160.0,0.071
ESM,Micromixer,24.78,0.0,10.12,0.0,2.17,4.4,MQ,1,126.0,0.027
ESM,Micromixer,24.78,0.0,10.12,0.0,0.25,3.0,MQ,1,191.0,0.132
ESM,Micromixer,24.78,0.0,10.12,0.0,2.5,3.0,MQ,1,158.0,0.059
ESM,Micromixer,24.78,0.0,10.12,0.0,1.375,1.0,MQ,1,236.0,0.26
ESM,Micromixer,24.78,0.0,10.12,0.0,1.375,5.0,MQ,1,131.0,0.044
ESM,Micromixer,24.78,0.0,10.12,0.0,1.375,3.0,MQ,1,161.0,0.082
ESM,Micromixer,24.78,0.0,10.12,0.0,1.375,3.0,MQ,1,159.0,0.085
ESM,Micromixer,24.78,0.0,10.12,0.0,1.375,3.0,MQ,1,161.0,0.061
ESM,Micromixer,24.78,0.0,10.12,0.0,1.375,3.0,MQ,1,172.0,0.111
ESM,Micromixer,24.78,0.0,10.12,0.0,1.375,3.0,MQ,1,161.0,0.103
ESM,Micromixer,24.78,0.0,10.12,0.0,2.5,5.0,MQ,1,115.0,0.056
ESM,Micromixer,24.78,0.0,10.12,0.0,2.5,5.0,MQ,1,109.0,0.05
ESM,Micromixer,24.78,0.0,10.12,0.0,2.5,5.0,MQ,1,107.0,0.055
